id,class
0,9
1,22
2,7
3,14
4,6
5,22
6,5
7,8
8,14
9,15
10,4
11,9
12,22
13,25
14,18
15,0
16,6
17,2
18,18
19,17
20,3
21,15
22,3
23,24
24,12
25,20
26,4
27,20
28,5
29,25
30,9
31,16
32,8
33,2
34,22
35,2
36,2
37,17
38,3
39,20
40,7
41,20
42,14
43,5
44,12
45,3
46,22
47,15
48,11
49,16
50,21
51,13
52,2
53,1
54,8
55,5
56,22
57,5
58,6
59,4
60,8
61,2
62,3
63,11
64,19
65,3
66,0
67,9
68,9
69,20
70,15
71,17
72,1
73,0
74,18
75,21
76,2
77,23
78,24
79,19
80,4
81,13
82,0
83,4
84,18
85,23
86,21
87,6
88,20
89,23
90,0
91,4
92,1
93,3
94,17
95,10
96,13
97,0
98,10
99,18
100,8
101,17
102,18
103,17
104,1
105,13
106,5
107,13
108,13
109,15
110,9
111,16
112,17
113,15
114,0
115,1
116,20
117,9
118,21
119,5
120,21
121,0
122,24
123,7
124,13
125,13
126,19
127,4
128,3
129,6
130,25
131,12
132,12
133,24
134,18
135,0
136,24
137,6
138,1
139,18
140,14
141,22
142,12
143,0
144,13
145,15
146,4
147,7
148,12
149,5
150,19
151,10
152,8
153,15
154,15
155,0
156,3
157,25
158,13
159,10
160,3
161,21
162,22
163,11
164,0
165,20
166,16
167,20
168,8
169,15
170,4
171,14
172,6
173,16
174,17
175,2
176,21
177,19
178,14
179,0
180,4
181,12
182,12
183,18
184,12
185,5
186,22
187,17
188,14
189,11
190,24
191,11
192,1
193,4
194,10
195,11
196,16
197,16
198,4
199,8
200,18
201,22
202,1
203,6
204,17
205,1
206,21
207,2
208,14
209,17
210,8
211,22
212,20
213,8
214,1
215,1
216,5
217,23
218,12
219,4
220,5
221,6
222,14
223,24
224,12
225,15
226,18
227,0
228,11
229,14
230,14
231,12
232,2
233,6
234,10
235,13
236,11
237,7
238,19
239,17
240,15
241,22
242,8
243,20
244,12
245,25
246,9
247,12
248,25
249,20
250,21
251,25
252,8
253,3
254,11
255,9
256,7
257,3
258,23
259,13
260,13
261,5
262,20
263,5
264,4
265,3
266,14
267,10
268,9
269,5
270,14
271,3
272,1
273,3
274,14
275,19
276,6
277,2
278,5
279,17
280,19
281,7
282,8
283,14
284,4
285,15
286,11
287,25
288,2
289,11
290,12
291,13
292,21
293,3
294,14
295,15
296,12
297,24
298,3
299,5
300,16
301,25
302,16
303,11
304,2
305,8
306,5
307,1
308,1
309,10
310,3
311,8
312,6
313,9
314,21
315,10
316,6
317,20
318,11
319,17
320,12
321,17
322,22
323,18
324,24
325,7
326,7
327,20
328,5
329,25
330,23
331,9
332,9
333,19
334,3
335,7
336,17
337,14
338,20
339,17
340,25
341,10
342,19
343,23
344,10
345,17
346,15
347,13
348,16
349,19
350,20
351,22
352,13
353,15
354,2
355,0
356,10
357,19
358,6
359,22
360,16
361,21
362,25
363,19
364,20
365,20
366,25
367,12
368,24
369,23
370,9
371,24
372,20
373,23
374,20
375,25
376,20
377,22
378,6
379,8
380,11
381,7
382,25
383,21
384,22
385,4
386,23
387,20
388,24
389,8
390,15
391,5
392,18
393,15
394,9
395,18
396,2
397,20
398,1
399,24
400,10
401,8
402,12
403,13
404,9
405,15
406,0
407,22
408,20
409,16
410,9
411,11
412,4
413,10
414,14
415,17
416,24
417,22
418,8
419,10
420,22
421,12
422,1
423,7
424,6
425,19
426,0
427,20
428,20
429,10
430,10
431,1
432,24
433,16
434,14
435,11
436,15
437,24
438,5
439,7
440,23
441,0
442,0
443,21
444,13
445,2
446,24
447,18
448,6
449,18
450,16
451,16
452,24
453,3
454,13
455,19
456,24
457,10
458,19
459,8
460,10
461,17
462,24
463,7
464,16
465,7
466,11
467,16
468,4
469,11
470,15
471,20
472,23
473,6
474,0
475,0
476,21
477,3
478,13
479,19
480,3
481,13
482,3
483,16
484,1
485,12
486,4
487,13
488,21
489,21
490,15
491,17
492,0
493,11
494,24
495,13
496,18
497,10
498,0
499,15
500,25
501,6
502,3
503,4
504,14
505,14
506,4
507,10
508,18
509,0
510,25
511,11
512,11
513,2
514,19
515,7
516,24
517,8
518,5
519,2
520,25
521,11
522,9
523,1
524,15
525,3
526,5
527,15
528,21
529,23
530,22
531,4
532,11
533,25
534,0
535,21
536,14
537,12
538,4
539,20
540,13
541,14
542,12
543,3
544,1
545,19
546,19
547,11
548,1
549,11
550,2
551,8
552,12
553,2
554,6
555,18
556,15
557,21
558,13
559,8
560,13
561,3
562,21
563,7
564,16
565,5
566,17
567,23
568,7
569,8
570,8
571,7
572,2
573,23
574,25
575,12
576,17
577,1
578,14
579,5
580,6
581,8
582,23
583,10
584,0
585,9
586,2
587,3
588,16
589,1
590,6
591,16
592,11
593,13
594,21
595,11
596,0
597,23
598,11
599,5
600,23
601,9
602,12
603,0
604,10
605,20
606,9
607,14
608,24
609,17
610,6
611,13
612,3
613,2
614,18
615,21
616,18
617,9
618,9
619,15
620,6
621,13
622,16
623,16
624,2
625,20
626,7
627,7
628,17
629,22
630,1
631,24
632,11
633,24
634,14
635,3
636,11
637,23
638,2
639,19
640,19
641,20
642,17
643,7
644,20
645,23
646,0
647,7
648,12
649,0
650,17
651,8
652,9
653,20
654,14
655,8
656,15
657,20
658,4
659,24
660,8
661,0
662,4
663,15
664,18
665,22
666,10
667,3
668,10
669,7
670,3
671,0
672,7
673,21
674,5
675,2
676,20
677,4
678,9
679,6
680,22
681,8
682,24
683,1
684,21
685,6
686,19
687,11
688,25
689,1
690,19
691,7
692,22
693,18
694,19
695,15
696,14
697,18
698,0
699,0
700,19
701,7
702,22
703,7
704,20
705,11
706,21
707,17
708,2
709,12
710,22
711,20
712,2
713,16
714,12
715,9
716,5
717,21
718,7
719,22
720,1
721,12
722,13
723,11
724,1
725,25
726,9
727,20
728,22
729,20
730,7
731,12
732,16
733,11
734,21
735,5
736,22
737,12
738,14
739,4
740,17
741,15
742,7
743,2
744,17
745,5
746,18
747,22
748,10
749,25
750,20
751,11
752,24
753,11
754,15
755,16
756,18
757,17
758,25
759,1
760,6
761,21
762,3
763,6
764,4
765,20
766,3
767,2
768,6
769,18
770,19
771,5
772,8
773,17
774,2
775,21
776,25
777,17
778,17
779,13
780,14
781,15
782,0
783,18
784,8
785,12
786,5
787,6
788,6
789,14
790,17
791,6
792,24
793,15
794,19
795,24
796,15
797,4
798,2
799,12
800,20
801,2
802,13
803,14
804,25
805,19
806,17
807,7
808,10
809,23
810,2
811,8
812,6
813,16
814,12
815,2
816,17
817,5
818,1
819,20
820,5
821,7
822,19
823,14
824,13
825,16
826,14
827,19
828,7
829,24
830,2
831,18
832,16
833,21
834,6
835,21
836,8
837,12
838,16
839,11
840,2
841,25
842,2
843,18
844,18
845,18
846,18
847,6
848,10
849,16
850,7
851,15
852,15
853,9
854,20
855,21
856,9
857,18
858,17
859,16
860,10
861,18
862,18
863,14
864,12
865,3
866,25
867,23
868,23
869,8
870,12
871,23
872,11
873,2
874,15
875,11
876,1
877,2
878,9
879,20
880,20
881,16
882,12
883,8
884,23
885,10
886,17
887,6
888,10
889,19
890,7
891,17
892,20
893,18
894,1
895,20
896,2
897,3
898,21
899,21
900,20
901,4
902,0
903,9
904,24
905,4
906,20
907,4
908,10
909,9
910,15
911,3
912,5
913,19
914,11
915,25
916,23
917,24
918,15
919,0
920,24
921,14
922,22
923,24
924,25
925,23
926,6
927,14
928,25
929,24
930,17
931,2
932,13
933,25
934,14
935,15
936,22
937,12
938,14
939,18
940,22
941,10
942,11
943,3
944,10
945,20
946,25
947,11
948,2
949,23
950,18
951,19
952,15
953,1
954,12
955,9
956,19
957,12
958,18
959,13
960,8
961,6
962,12
963,22
964,20
965,10
966,19
967,5
968,24
969,0
970,10
971,16
972,3
973,4
974,13
975,16
976,25
977,14
978,2
979,10
980,1
981,16
982,2
983,7
984,23
985,4
986,7
987,0
988,3
989,11
990,9
991,19
992,21
993,20
994,1
995,21
996,12
997,5
998,16
999,10
1000,20
1001,15
1002,4
1003,19
1004,4
1005,7
1006,24
1007,23
1008,10
1009,1
1010,11
1011,9
1012,8
1013,7
1014,18
1015,13
1016,1
1017,14
1018,25
1019,17
1020,23
1021,5
1022,2
1023,23
1024,11
1025,23
1026,19
1027,3
1028,4
1029,11
1030,11
1031,19
1032,2
1033,2
1034,22
1035,23
1036,1
1037,21
1038,18
1039,24
1040,16
1041,16
1042,13
1043,5
1044,10
1045,12
1046,25
1047,15
1048,8
1049,5
1050,23
1051,10
1052,23
1053,14
1054,14
1055,8
1056,25
1057,19
1058,7
1059,12
1060,21
1061,24
1062,21
1063,4
1064,17
1065,14
1066,21
1067,5
1068,18
1069,0
1070,18
1071,0
1072,17
1073,10
1074,12
1075,14
1076,13
1077,2
1078,8
1079,12
1080,3
1081,10
1082,9
1083,21
1084,4
1085,9
1086,9
1087,12
1088,22
1089,2
1090,21
1091,2
1092,13
1093,4
1094,23
1095,16
1096,3
1097,12
1098,14
1099,25
1100,10
1101,23
1102,23
1103,7
1104,24
1105,2
1106,17
1107,6
1108,10
1109,12
1110,9
1111,15
1112,1
1113,23
1114,3
1115,11
1116,16
1117,11
1118,15
1119,15
1120,2
1121,1
1122,13
1123,5
1124,15
1125,2
1126,10
1127,17
1128,3
1129,19
1130,19
1131,15
1132,14
1133,2
1134,2
1135,21
1136,22
1137,10
1138,9
1139,7
1140,19
1141,22
1142,4
1143,9
1144,8
1145,8
1146,1
1147,1
1148,14
1149,18
1150,12
1151,21
1152,0
1153,24
1154,6
1155,9
1156,15
1157,2
1158,22
1159,13
1160,7
1161,3
1162,19
1163,0
1164,5
1165,24
1166,14
1167,12
1168,4
1169,8
1170,12
1171,20
1172,9
1173,13
1174,10
1175,22
1176,12
1177,2
1178,11
1179,19
1180,4
1181,19
1182,0
1183,20
1184,24
1185,17
1186,14
1187,19
1188,20
1189,21
1190,0
1191,8
1192,21
1193,20
1194,20
1195,8
1196,15
1197,16
1198,9
1199,6
1200,2
1201,20
1202,24
1203,5
1204,4
1205,17
1206,5
1207,2
1208,18
1209,8
1210,18
1211,10
1212,11
1213,18
1214,4
1215,10
1216,14
1217,11
1218,21
1219,23
1220,19
1221,12
1222,0
1223,12
1224,3
1225,4
1226,22
1227,21
1228,2
1229,8
1230,13
1231,23
1232,8
1233,13
1234,11
1235,25
1236,2
1237,24
1238,4
1239,13
1240,22
1241,9
1242,24
1243,25
1244,22
1245,1
1246,21
1247,23
1248,19
1249,4
1250,25
1251,6
1252,10
1253,3
1254,1
1255,12
1256,0
1257,12
1258,9
1259,0
1260,16
1261,12
1262,9
1263,11
1264,25
1265,11
1266,13
1267,19
1268,23
1269,15
1270,14
1271,8
1272,15
1273,9
1274,7
1275,7
1276,6
1277,16
1278,2
1279,25
1280,11
1281,4
1282,18
1283,4
1284,23
1285,4
1286,5
1287,6
1288,10
1289,16
1290,15
1291,18
1292,18
1293,4
1294,0
1295,20
1296,5
1297,9
1298,4
1299,10
1300,4
1301,12
1302,4
1303,24
1304,6
1305,12
1306,15
1307,6
1308,13
1309,6
1310,17
1311,20
1312,1
1313,3
1314,17
1315,0
1316,0
1317,2
1318,14
1319,16
1320,13
1321,2
1322,13
1323,20
1324,2
1325,11
1326,21
1327,17
1328,25
1329,20
1330,25
1331,14
1332,9
1333,11
1334,21
1335,18
1336,20
1337,19
1338,12
1339,18
1340,18
1341,23
1342,1
1343,2
1344,1
1345,11
1346,25
1347,24
1348,18
1349,1
1350,1
1351,16
1352,23
1353,13
1354,19
1355,21
1356,4
1357,22
1358,20
1359,13
1360,9
1361,24
1362,5
1363,5
1364,0
1365,18
1366,23
1367,8
1368,16
1369,12
1370,8
1371,12
1372,16
1373,9
1374,15
1375,24
1376,23
1377,22
1378,18
1379,2
1380,22
1381,1
1382,1
1383,25
1384,19
1385,22
1386,5
1387,19
1388,7
1389,23
1390,22
1391,16
1392,20
1393,16
1394,23
1395,9
1396,5
1397,7
1398,2
1399,2
1400,23
1401,10
1402,19
1403,13
1404,7
1405,12
1406,17
1407,21
1408,0
1409,24
1410,17
1411,14
1412,4
1413,8
1414,21
1415,15
1416,9
1417,14
1418,12
1419,18
1420,22
1421,20
1422,19
1423,16
1424,18
1425,11
1426,24
1427,3
1428,0
1429,0
1430,25
1431,21
1432,12
1433,11
1434,25
1435,2
1436,13
1437,15
1438,17
1439,21
1440,20
1441,1
1442,23
1443,1
1444,0
1445,20
1446,14
1447,21
1448,11
1449,19
1450,1
1451,1
1452,8
1453,18
1454,4
1455,0
1456,0
1457,16
1458,5
1459,21
1460,0
1461,0
1462,12
1463,10
1464,23
1465,2
1466,4
1467,9
1468,15
1469,7
1470,15
1471,3
1472,21
1473,8
1474,1
1475,6
1476,2
1477,7
1478,24
1479,3
1480,5
1481,22
1482,15
1483,15
1484,19
1485,9
1486,8
1487,17
1488,23
1489,24
1490,10
1491,24
1492,4
1493,25
1494,3
1495,3
1496,23
1497,17
1498,2
1499,20
1500,19
1501,21
1502,21
1503,8
1504,0
1505,17
1506,20
1507,21
1508,18
1509,7
1510,18
1511,22
1512,6
1513,23
1514,22
1515,24
1516,13
1517,17
1518,22
1519,5
1520,9
1521,23
1522,12
1523,5
1524,9
1525,1
1526,5
1527,22
1528,13
1529,1
1530,17
1531,0
1532,21
1533,10
1534,9
1535,17
1536,18
1537,10
1538,17
1539,20
1540,14
1541,13
1542,25
1543,4
1544,0
1545,23
1546,16
1547,7
1548,15
1549,13
1550,15
1551,11
1552,25
1553,3
1554,10
1555,6
1556,9
1557,5
1558,25
1559,10
1560,9
1561,7
1562,24
1563,16
1564,10
1565,5
1566,8
1567,9
1568,7
1569,15
1570,23
1571,7
1572,12
1573,25
1574,15
1575,14
1576,21
1577,8
1578,8
1579,13
1580,12
1581,12
1582,16
1583,24
1584,22
1585,18
1586,20
1587,10
1588,5
1589,12
1590,19
1591,1
1592,0
1593,2
1594,1
1595,22
1596,6
1597,2
1598,23
1599,24
1600,17
1601,21
1602,10
1603,19
1604,14
1605,6
1606,3
1607,7
1608,10
1609,7
1610,14
1611,0
1612,12
1613,7
1614,16
1615,12
1616,2
1617,25
1618,4
1619,14
1620,18
1621,11
1622,1
1623,8
1624,13
1625,6
1626,4
1627,7
1628,14
1629,14
1630,12
1631,6
1632,24
1633,0
1634,8
1635,9
1636,21
1637,6
1638,2
1639,8
1640,24
1641,13
1642,20
1643,20
1644,9
1645,24
1646,0
1647,12
1648,7
1649,12
1650,6
1651,15
1652,15
1653,15
1654,2
1655,12
1656,5
1657,20
1658,20
1659,20
1660,1
1661,13
1662,15
1663,17
1664,5
1665,17
1666,8
1667,3
1668,6
1669,13
1670,19
1671,1
1672,4
1673,2
1674,8
1675,13
1676,18
1677,21
1678,13
1679,16
1680,19
1681,21
1682,13
1683,5
1684,12
1685,7
1686,1
1687,2
1688,22
1689,7
1690,14
1691,14
1692,18
1693,16
1694,23
1695,4
1696,15
1697,20
1698,22
1699,14
1700,4
1701,12
1702,21
1703,25
1704,6
1705,17
1706,9
1707,14
1708,5
1709,3
1710,22
1711,8
1712,1
1713,14
1714,23
1715,14
1716,5
1717,17
1718,21
1719,13
1720,15
1721,14
1722,13
1723,8
1724,11
1725,6
1726,11
1727,17
1728,18
1729,13
1730,14
1731,22
1732,13
1733,6
1734,17
1735,17
1736,5
1737,4
1738,5
1739,7
1740,20
1741,13
1742,15
1743,24
1744,6
1745,16
1746,5
1747,22
1748,9
1749,19
1750,20
1751,10
1752,10
1753,10
1754,24
1755,4
1756,3
1757,3
1758,18
1759,20
1760,15
1761,19
1762,16
1763,18
1764,21
1765,17
1766,6
1767,22
1768,0
1769,14
1770,17
1771,12
1772,1
1773,3
1774,11
1775,24
1776,15
1777,11
1778,18
1779,21
1780,0
1781,9
1782,24
1783,10
1784,22
1785,12
1786,16
1787,14
1788,21
1789,14
1790,12
1791,3
1792,20
1793,8
1794,9
1795,3
1796,10
1797,12
1798,12
1799,10
1800,17
1801,16
1802,1
1803,8
1804,12
1805,14
1806,20
1807,18
1808,5
1809,2
1810,11
1811,10
1812,19
1813,19
1814,12
1815,5
1816,24
1817,24
1818,1
1819,1
1820,7
1821,18
1822,2
1823,22
1824,8
1825,9
1826,11
1827,23
1828,23
1829,8
1830,25
1831,13
1832,18
1833,1
1834,24
1835,0
1836,8
1837,7
1838,25
1839,14
1840,13
1841,7
1842,6
1843,2
1844,12
1845,1
1846,21
1847,19
1848,22
1849,22
1850,4
1851,2
1852,1
1853,11
1854,2
1855,8
1856,10
1857,15
1858,7
1859,7
1860,23
1861,14
1862,21
1863,11
1864,6
1865,10
1866,15
1867,18
1868,2
1869,18
1870,20
1871,7
1872,18
1873,10
1874,23
1875,17
1876,1
1877,14
1878,3
1879,1
1880,4
1881,16
1882,9
1883,5
1884,14
1885,7
1886,20
1887,19
1888,0
1889,1
1890,18
1891,19
1892,15
1893,8
1894,12
1895,19
1896,17
1897,17
1898,15
1899,8
1900,19
1901,23
1902,6
1903,18
1904,0
1905,8
1906,25
1907,17
1908,21
1909,17
1910,4
1911,22
1912,1
1913,18
1914,4
1915,6
1916,6
1917,0
1918,21
1919,3
1920,14
1921,6
1922,17
1923,10
1924,22
1925,4
1926,11
1927,6
1928,5
1929,25
1930,17
1931,6
1932,15
1933,13
1934,10
1935,21
1936,6
1937,16
1938,9
1939,1
1940,5
1941,23
1942,25
1943,18
1944,25
1945,5
1946,6
1947,0
1948,6
1949,12
1950,15
1951,0
1952,1
1953,14
1954,25
1955,20
1956,7
1957,5
1958,17
1959,22
1960,20
1961,15
1962,19
1963,18
1964,8
1965,8
1966,24
1967,25
1968,15
1969,16
1970,13
1971,1
1972,5
1973,7
1974,12
1975,25
1976,5
1977,21
1978,24
1979,16
1980,15
1981,6
1982,9
1983,17
1984,12
1985,0
1986,23
1987,19
1988,16
1989,23
1990,10
1991,17
1992,19
1993,0
1994,1
1995,5
1996,24
1997,18
1998,20
1999,13
2000,15
2001,19
2002,3
2003,23
2004,0
2005,6
2006,4
2007,5
2008,14
2009,15
2010,19
2011,22
2012,22
2013,19
2014,12
2015,7
2016,24
2017,15
2018,3
2019,22
2020,0
2021,14
2022,19
2023,13
2024,13
2025,6
2026,8
2027,15
2028,16
2029,11
2030,8
2031,25
2032,13
2033,16
2034,0
2035,3
2036,8
2037,21
2038,16
2039,20
2040,18
2041,24
2042,9
2043,8
2044,1
2045,12
2046,11
2047,12
2048,4
2049,11
2050,16
2051,7
2052,13
2053,11
2054,15
2055,4
2056,23
2057,4
2058,11
2059,6
2060,13
2061,25
2062,6
2063,11
2064,21
2065,4
2066,17
2067,23
2068,13
2069,4
2070,17
2071,6
2072,21
2073,25
2074,3
2075,15
2076,2
2077,25
2078,19
2079,1
2080,24
2081,3
2082,1
2083,19
2084,23
2085,3
2086,12
2087,5
2088,17
2089,1
2090,4
2091,24
2092,11
2093,5
2094,10
2095,9
2096,17
2097,2
2098,16
2099,2
2100,11
2101,16
2102,3
2103,14
2104,15
2105,6
2106,1
2107,2
2108,8
2109,1
2110,14
2111,4
2112,16
2113,14
2114,4
2115,7
2116,16
2117,4
2118,0
2119,12
2120,9
2121,21
2122,9
2123,9
2124,3
2125,20
2126,8
2127,17
2128,3
2129,15
2130,6
2131,25
2132,5
2133,14
2134,23
2135,25
2136,4
2137,3
2138,11
2139,3
2140,7
2141,10
2142,24
2143,1
2144,9
2145,24
2146,10
2147,12
2148,18
2149,7
2150,4
2151,5
2152,12
2153,9
2154,25
2155,21
2156,1
2157,14
2158,10
2159,24
2160,14
2161,0
2162,0
2163,24
2164,23
2165,7
2166,4
2167,2
2168,22
2169,18
2170,19
2171,15
2172,3
2173,22
2174,6
2175,23
2176,7
2177,18
2178,9
2179,5
2180,23
2181,20
2182,18
2183,19
2184,21
2185,5
2186,1
2187,22
2188,14
2189,4
2190,9
2191,8
2192,20
2193,14
2194,14
2195,17
2196,21
2197,9
2198,2
2199,8
2200,12
2201,17
2202,24
2203,8
2204,1
2205,16
2206,23
2207,19
2208,0
2209,11
2210,14
2211,2
2212,13
2213,2
2214,17
2215,1
2216,9
2217,5
2218,20
2219,1
2220,3
2221,5
2222,19
2223,17
2224,4
2225,1
2226,2
2227,16
2228,24
2229,23
2230,12
2231,1
2232,22
2233,6
2234,11
2235,11
2236,9
2237,6
2238,7
2239,20
2240,24
2241,8
2242,24
2243,25
2244,3
2245,24
2246,15
2247,15
2248,25
2249,16
2250,10
2251,1
2252,15
2253,5
2254,7
2255,12
2256,15
2257,15
2258,25
2259,17
2260,15
2261,9
2262,25
2263,22
2264,25
2265,22
2266,19
2267,0
2268,4
2269,25
2270,6
2271,4
2272,0
2273,6
2274,7
2275,6
2276,24
2277,8
2278,11
2279,4
2280,0
2281,1
2282,18
2283,16
2284,18
2285,17
2286,16
2287,25
2288,11
2289,0
2290,24
2291,15
2292,25
2293,8
2294,1
2295,21
2296,1
2297,23
2298,22
2299,17
2300,2
2301,0
2302,21
2303,25
2304,25
2305,19
2306,17
2307,14
2308,22
2309,19
2310,6
2311,23
2312,3
2313,14
2314,3
2315,11
2316,10
2317,4
2318,15
2319,21
2320,19
2321,23
2322,9
2323,19
2324,0
2325,6
2326,24
2327,12
2328,3
2329,19
2330,2
2331,4
2332,19
2333,6
2334,7
2335,18
2336,8
2337,8
2338,7
2339,18
2340,13
2341,18
2342,9
2343,2
2344,13
2345,5
2346,20
2347,4
2348,5
2349,23
2350,24
2351,20
2352,18
2353,10
2354,17
2355,2
2356,8
2357,25
2358,23
2359,23
2360,1
2361,10
2362,18
2363,5
2364,1
2365,0
2366,5
2367,7
2368,21
2369,21
2370,5
2371,17
2372,3
2373,8
2374,5
2375,19
2376,3
2377,16
2378,4
2379,5
2380,2
2381,19
2382,5
2383,13
2384,12
2385,4
2386,7
2387,5
2388,12
2389,1
2390,24
2391,17
2392,19
2393,20
2394,2
2395,17
2396,23
2397,15
2398,13
2399,4
2400,23
2401,3
2402,25
2403,23
2404,18
2405,9
2406,22
2407,11
2408,11
2409,17
2410,11
2411,2
2412,8
2413,22
2414,15
2415,20
2416,16
2417,13
2418,4
2419,3
2420,7
2421,22
2422,23
2423,25
2424,5
2425,18
2426,9
2427,16
2428,6
2429,0
2430,15
2431,17
2432,2
2433,22
2434,16
2435,3
2436,4
2437,23
2438,20
2439,17
2440,4
2441,3
2442,5
2443,1
2444,8
2445,15
2446,8
2447,11
2448,20
2449,20
2450,11
2451,17
2452,18
2453,13
2454,18
2455,9
2456,8
2457,17
2458,16
2459,16
2460,11
2461,10
2462,22
2463,16
2464,17
2465,19
2466,5
2467,1
2468,23
2469,23
2470,6
2471,1
2472,19
2473,10
2474,10
2475,21
2476,6
2477,6
2478,21
2479,12
2480,23
2481,13
2482,8
2483,4
2484,18
2485,22
2486,19
2487,1
2488,0
2489,4
2490,0
2491,1
2492,25
2493,10
2494,9
2495,3
2496,9
2497,1
2498,3
2499,6
2500,24
2501,15
2502,22
2503,17
2504,25
2505,14
2506,7
2507,16
2508,15
2509,12
2510,9
2511,15
2512,18
2513,22
2514,25
2515,7
2516,8
2517,6
2518,16
2519,6
2520,1
2521,17
2522,3
2523,19
2524,21
2525,18
2526,12
2527,8
2528,10
2529,9
2530,16
2531,4
2532,0
2533,19
2534,19
2535,15
2536,13
2537,9
2538,23
2539,20
2540,9
2541,15
2542,3
2543,4
2544,6
2545,19
2546,18
2547,20
2548,25
2549,2
2550,12
2551,1
2552,1
2553,18
2554,24
2555,24
2556,2
2557,9
2558,21
2559,6
2560,24
2561,0
2562,8
2563,3
2564,11
2565,5
2566,5
2567,9
2568,13
2569,12
2570,11
2571,16
2572,4
2573,25
2574,21
2575,12
2576,15
2577,21
2578,21
2579,10
2580,0
2581,15
2582,13
2583,2
2584,16
2585,8
2586,0
2587,5
2588,18
2589,11
2590,9
2591,10
2592,8
2593,21
2594,14
2595,7
2596,14
2597,20
2598,11
2599,23
2600,13
2601,1
2602,10
2603,10
2604,12
2605,0
2606,17
2607,14
2608,16
2609,14
2610,14
2611,14
2612,2
2613,6
2614,18
2615,14
2616,7
2617,22
2618,0
2619,7
2620,9
2621,25
2622,13
2623,1
2624,21
2625,15
2626,12
2627,16
2628,21
2629,21
2630,20
2631,14
2632,21
2633,10
2634,14
2635,2
2636,14
2637,16
2638,3
2639,9
2640,24
2641,7
2642,23
2643,0
2644,5
2645,23
2646,6
2647,24
2648,22
2649,10
2650,15
2651,22
2652,25
2653,0
2654,21
2655,15
2656,21
2657,12
2658,13
2659,7
2660,7
2661,5
2662,1
2663,4
2664,23
2665,22
2666,15
2667,0
2668,25
2669,3
2670,22
2671,22
2672,24
2673,5
2674,7
2675,11
2676,10
2677,14
2678,14
2679,7
2680,9
2681,20
2682,1
2683,24
2684,22
2685,7
2686,23
2687,10
2688,20
2689,20
2690,5
2691,10
2692,7
2693,16
2694,14
2695,4
2696,23
2697,6
2698,15
2699,23
2700,3
2701,10
2702,3
2703,18
2704,12
2705,0
2706,24
2707,2
2708,3
2709,22
2710,7
2711,3
2712,19
2713,1
2714,21
2715,14
2716,4
2717,7
2718,20
2719,11
2720,4
2721,6
2722,16
2723,13
2724,14
2725,22
2726,17
2727,17
2728,6
2729,17
2730,7
2731,16
2732,10
2733,11
2734,1
2735,19
2736,3
2737,22
2738,16
2739,24
2740,9
2741,22
2742,18
2743,17
2744,13
2745,19
2746,20
2747,16
2748,21
2749,0
2750,13
2751,12
2752,14
2753,20
2754,11
2755,12
2756,14
2757,23
2758,17
2759,24
2760,24
2761,11
2762,20
2763,25
2764,10
2765,21
2766,10
2767,24
2768,7
2769,1
2770,23
2771,10
2772,6
2773,21
2774,10
2775,1
2776,3
2777,11
2778,18
2779,16
2780,10
2781,20
2782,6
2783,2
2784,10
2785,4
2786,2
2787,4
2788,10
2789,15
2790,15
2791,3
2792,0
2793,14
2794,2
2795,11
2796,22
2797,3
2798,7
2799,13
2800,2
2801,6
2802,1
2803,24
2804,23
2805,25
2806,16
2807,10
2808,19
2809,19
2810,24
2811,17
2812,16
2813,22
2814,3
2815,16
2816,8
2817,14
2818,25
2819,2
2820,6
2821,23
2822,13
2823,20
2824,4
2825,9
2826,10
2827,18
2828,24
2829,12
2830,17
2831,22
2832,6
2833,22
2834,17
2835,7
2836,7
2837,3
2838,10
2839,15
2840,11
2841,1
2842,17
2843,3
2844,20
2845,23
2846,17
2847,19
2848,11
2849,14
2850,18
2851,15
2852,6
2853,14
2854,22
2855,15
2856,23
2857,17
2858,4
2859,0
2860,11
2861,25
2862,25
2863,4
2864,23
2865,6
2866,25
2867,24
2868,20
2869,23
2870,24
2871,16
2872,11
2873,16
2874,19
2875,9
2876,13
2877,19
2878,5
2879,7
2880,8
2881,16
2882,17
2883,3
2884,10
2885,3
2886,8
2887,21
2888,4
2889,9
2890,6
2891,24
2892,20
2893,22
2894,6
2895,7
2896,14
2897,5
2898,23
2899,23
2900,24
2901,8
2902,3
2903,22
2904,19
2905,6
2906,20
2907,19
2908,15
2909,2
2910,21
2911,2
2912,2
2913,22
2914,12
2915,14
2916,20
2917,4
2918,15
2919,17
2920,3
2921,13
2922,19
2923,22
2924,22
2925,18
2926,24
2927,13
2928,11
2929,3
2930,4
2931,24
2932,2
2933,14
2934,7
2935,25
2936,1
2937,20
2938,15
2939,0
2940,6
2941,5
2942,0
2943,10
2944,25
2945,10
2946,17
2947,19
2948,7
2949,12
2950,1
2951,18
2952,25
2953,10
2954,5
2955,3
2956,9
2957,8
2958,16
2959,23
2960,20
2961,25
2962,6
2963,9
2964,0
2965,16
2966,23
2967,0
2968,22
2969,7
2970,24
2971,10
2972,3
2973,0
2974,11
2975,14
2976,9
2977,22
2978,17
2979,25
2980,22
2981,23
2982,10
2983,7
2984,13
2985,8
2986,5
2987,12
2988,23
2989,15
2990,3
2991,7
2992,11
2993,0
2994,4
2995,13
2996,20
2997,9
2998,17
2999,6
3000,0
3001,21
3002,17
3003,10
3004,7
3005,9
3006,4
3007,24
3008,10
3009,10
3010,21
3011,8
3012,22
3013,10
3014,19
3015,18
3016,25
3017,25
3018,6
3019,4
3020,13
3021,18
3022,10
3023,1
3024,9
3025,20
3026,25
3027,21
3028,20
3029,19
3030,16
3031,5
3032,0
3033,11
3034,10
3035,13
3036,17
3037,2
3038,23
3039,6
3040,20
3041,2
3042,10
3043,8
3044,20
3045,5
3046,11
3047,19
3048,16
3049,23
3050,18
3051,11
3052,23
3053,9
3054,25
3055,2
3056,9
3057,21
3058,20
3059,18
3060,18
3061,19
3062,7
3063,1
3064,15
3065,5
3066,5
3067,24
3068,25
3069,3
3070,16
3071,9
3072,1
3073,5
3074,19
3075,13
3076,8
3077,11
3078,22
3079,12
3080,16
3081,3
3082,16
3083,0
3084,4
3085,6
3086,1
3087,14
3088,25
3089,9
3090,0
3091,15
3092,12
3093,22
3094,19
3095,21
3096,7
3097,22
3098,8
3099,9
3100,3
3101,19
3102,16
3103,25
3104,5
3105,5
3106,19
3107,1
3108,14
3109,13
3110,25
3111,12
3112,6
3113,21
3114,11
3115,9
3116,14
3117,2
3118,17
3119,24
3120,0
3121,19
3122,6
3123,6
3124,6
3125,23
3126,9
3127,11
3128,17
3129,19
3130,9
3131,1
3132,8
3133,12
3134,13
3135,2
3136,14
3137,11
3138,18
3139,6
3140,1
3141,2
3142,23
3143,10
3144,4
3145,12
3146,11
3147,3
3148,11
3149,25
3150,7
3151,20
3152,18
3153,9
3154,1
3155,16
3156,16
3157,16
3158,7
3159,25
3160,12
3161,18
3162,22
3163,15
3164,22
3165,12
3166,14
3167,2
3168,24
3169,22
3170,5
3171,6
3172,4
3173,15
3174,4
3175,3
3176,9
3177,4
3178,12
3179,11
3180,22
3181,5
3182,8
3183,3
3184,23
3185,0
3186,10
3187,21
3188,8
3189,1
3190,21
3191,0
3192,24
3193,12
3194,4
3195,3
3196,17
3197,4
3198,19
3199,24
3200,12
3201,23
3202,25
3203,18
3204,5
3205,7
3206,8
3207,12
3208,0
3209,11
3210,20
3211,18
3212,24
3213,3
3214,13
3215,22
3216,5
3217,16
3218,11
3219,21
3220,6
3221,2
3222,0
3223,7
3224,23
3225,17
3226,20
3227,4
3228,20
3229,22
3230,6
3231,11
3232,1
3233,17
3234,9
3235,3
3236,24
3237,11
3238,16
3239,24
3240,0
3241,13
3242,10
3243,6
3244,16
3245,20
3246,14
3247,3
3248,11
3249,21
3250,21
3251,20
3252,5
3253,2
3254,10
3255,4
3256,12
3257,3
3258,18
3259,6
3260,12
3261,0
3262,3
3263,5
3264,13
3265,23
3266,5
3267,17
3268,25
3269,17
3270,2
3271,11
3272,23
3273,11
3274,4
3275,25
3276,21
3277,21
3278,13
3279,14
3280,12
3281,18
3282,25
3283,11
3284,16
3285,17
3286,25
3287,7
3288,13
3289,17
3290,9
3291,8
3292,1
3293,8
3294,12
3295,5
3296,24
3297,17
3298,7
3299,10
3300,13
3301,12
3302,11
3303,11
3304,3
3305,5
3306,16
3307,7
3308,24
3309,0
3310,11
3311,13
3312,9
3313,23
3314,2
3315,22
3316,0
3317,6
3318,10
3319,10
3320,24
3321,17
3322,16
3323,20
3324,19
3325,16
3326,22
3327,6
3328,8
3329,4
3330,19
3331,3
3332,6
3333,22
3334,6
3335,22
3336,17
3337,2
3338,13
3339,14
3340,11
3341,6
3342,9
3343,15
3344,17
3345,18
3346,23
3347,19
3348,8
3349,25
3350,15
3351,10
3352,20
3353,0
3354,21
3355,19
3356,21
3357,20
3358,16
3359,18
3360,11
3361,4
3362,17
3363,22
3364,19
3365,2
3366,2
3367,11
3368,2
3369,16
3370,18
3371,13
3372,18
3373,25
3374,14
3375,11
3376,22
3377,7
3378,16
3379,8
3380,3
3381,22
3382,23
3383,19
3384,4
3385,16
3386,16
3387,0
3388,22
3389,14
3390,12
3391,16
3392,11
3393,15
3394,0
3395,17
3396,18
3397,9
3398,0
3399,0
3400,24
3401,23
3402,8
3403,10
3404,11
3405,22
3406,10
3407,21
3408,19
3409,23
3410,11
3411,4
3412,4
3413,7
3414,5
3415,10
3416,5
3417,6
3418,18
3419,22
3420,18
3421,22
3422,3
3423,8
3424,10
3425,24
3426,8
3427,0
3428,5
3429,16
3430,20
3431,16
3432,6
3433,14
3434,5
3435,5
3436,15
3437,3
3438,11
3439,24
3440,23
3441,21
3442,15
3443,24
3444,1
3445,2
3446,12
3447,11
3448,9
3449,7
3450,19
3451,10
3452,19
3453,23
3454,9
3455,12
3456,14
3457,14
3458,19
3459,10
3460,16
3461,1
3462,24
3463,11
3464,0
3465,14
3466,18
3467,16
3468,16
3469,3
3470,11
3471,22
3472,15
3473,19
3474,15
3475,20
3476,20
3477,7
3478,22
3479,3
3480,22
3481,9
3482,1
3483,5
3484,12
3485,11
3486,18
3487,15
3488,10
3489,6
3490,0
3491,18
3492,2
3493,9
3494,2
3495,9
3496,21
3497,21
3498,0
3499,1
3500,25
3501,22
3502,17
3503,11
3504,2
3505,10
3506,14
3507,10
3508,12
3509,21
3510,6
3511,12
3512,10
3513,2
3514,3
3515,12
3516,21
3517,7
3518,10
3519,23
3520,18
3521,8
3522,17
3523,6
3524,20
3525,3
3526,19
3527,1
3528,5
3529,1
3530,20
3531,23
3532,13
3533,9
3534,11
3535,24
3536,6
3537,18
3538,15
3539,12
3540,0
3541,19
3542,23
3543,10
3544,0
3545,0
3546,14
3547,20
3548,20
3549,16
3550,24
3551,22
3552,21
3553,21
3554,18
3555,3
3556,21
3557,16
3558,24
3559,14
3560,21
3561,16
3562,22
3563,25
3564,3
3565,18
3566,12
3567,17
3568,13
3569,14
3570,21
3571,17
3572,4
3573,4
3574,0
3575,12
3576,25
3577,8
3578,19
3579,5
3580,0
3581,12
3582,3
3583,24
3584,2
3585,21
3586,23
3587,6
3588,5
3589,25
3590,22
3591,25
3592,7
3593,1
3594,7
3595,3
3596,19
3597,17
3598,2
3599,24
3600,2
3601,9
3602,11
3603,5
3604,8
3605,10
3606,0
3607,8
3608,12
3609,0
3610,19
3611,17
3612,12
3613,18
3614,24
3615,21
3616,14
3617,22
3618,17
3619,8
3620,14
3621,13
3622,8
3623,2
3624,8
3625,19
3626,17
3627,2
3628,13
3629,22
3630,16
3631,17
3632,10
3633,3
3634,9
3635,11
3636,18
3637,10
3638,19
3639,21
3640,9
3641,10
3642,8
3643,22
3644,20
3645,22
3646,17
3647,13
3648,14
3649,17
3650,20
3651,19
3652,24
3653,20
3654,8
3655,14
3656,10
3657,17
3658,19
3659,25
3660,25
3661,3
3662,18
3663,18
3664,11
3665,15
3666,16
3667,8
3668,10
3669,3
3670,8
3671,23
3672,9
3673,6
3674,0
3675,22
3676,25
3677,4
3678,11
3679,24
3680,9
3681,8
3682,12
3683,2
3684,4
3685,4
3686,23
3687,4
3688,23
3689,4
3690,2
3691,7
3692,11
3693,23
3694,13
3695,6
3696,4
3697,12
3698,18
3699,6
3700,9
3701,22
3702,1
3703,2
3704,4
3705,4
3706,23
3707,21
3708,15
3709,14
3710,0
3711,2
3712,6
3713,15
3714,2
3715,22
3716,7
3717,0
3718,21
3719,18
3720,7
3721,5
3722,19
3723,18
3724,0
3725,7
3726,24
3727,9
3728,17
3729,17
3730,2
3731,6
3732,11
3733,23
3734,21
3735,13
3736,21
3737,8
3738,24
3739,10
3740,1
3741,3
3742,1
3743,5
3744,13
3745,22
3746,10
3747,24
3748,16
3749,16
3750,15
3751,10
3752,11
3753,1
3754,8
3755,6
3756,11
3757,8
3758,8
3759,4
3760,8
3761,16
3762,1
3763,11
3764,22
3765,0
3766,7
3767,9
3768,1
3769,7
3770,18
3771,24
3772,22
3773,25
3774,1
3775,25
3776,20
3777,2
3778,6
3779,7
3780,13
3781,24
3782,25
3783,7
3784,7
3785,14
3786,7
3787,1
3788,25
3789,3
3790,19
3791,10
3792,0
3793,25
3794,5
3795,5
3796,0
3797,22
3798,23
3799,25
3800,15
3801,6
3802,14
3803,5
3804,18
3805,21
3806,17
3807,11
3808,3
3809,1
3810,1
3811,12
3812,5
3813,11
3814,2
3815,9
3816,11
3817,5
3818,10
3819,5
3820,2
3821,9
3822,22
3823,20
3824,0
3825,19
3826,24
3827,22
3828,8
3829,6
3830,21
3831,0
3832,23
3833,25
3834,7
3835,19
3836,1
3837,10
3838,19
3839,7
3840,10
3841,15
3842,24
3843,0
3844,19
3845,16
3846,13
3847,5
3848,24
3849,21
3850,23
3851,9
3852,24
3853,23
3854,25
3855,13
3856,24
3857,8
3858,21
3859,17
3860,15
3861,20
3862,3
3863,6
3864,6
3865,9
3866,13
3867,4
3868,24
3869,1
3870,5
3871,9
3872,15
3873,9
3874,15
3875,14
3876,3
3877,19
3878,2
3879,17
3880,22
3881,20
3882,6
3883,15
3884,15
3885,3
3886,10
3887,3
3888,6
3889,12
3890,23
3891,15
3892,10
3893,24
3894,20
3895,0
3896,3
3897,1
3898,12
3899,15
3900,17
3901,23
3902,7
3903,16
3904,9
3905,23
3906,0
3907,0
3908,3
3909,1
3910,1
3911,1
3912,19
3913,7
3914,2
3915,19
3916,24
3917,24
3918,21
3919,1
3920,23
3921,22
3922,20
3923,12
3924,4
3925,25
3926,6
3927,6
3928,10
3929,4
3930,7
3931,17
3932,3
3933,9
3934,16
3935,7
3936,22
3937,4
3938,9
3939,25
3940,11
3941,23
3942,4
3943,18
3944,13
3945,25
3946,17
3947,5
3948,18
3949,17
3950,21
3951,20
3952,18
3953,6
3954,3
3955,21
3956,19
3957,8
3958,18
3959,5
3960,20
3961,0
3962,20
3963,7
3964,15
3965,10
3966,3
3967,20
3968,22
3969,6
3970,14
3971,21
3972,19
3973,18
3974,6
3975,0
3976,13
3977,11
3978,23
3979,13
3980,18
3981,2
3982,8
3983,14
3984,23
3985,15
3986,12
3987,22
3988,4
3989,6
3990,23
3991,25
3992,9
3993,13
3994,25
3995,19
3996,8
3997,4
3998,5
3999,21
4000,18
4001,18
4002,3
4003,3
4004,5
4005,25
4006,3
4007,5
4008,14
4009,14
4010,15
4011,2
4012,0
4013,1
4014,16
4015,21
4016,13
4017,16
4018,9
4019,1
4020,1
4021,16
4022,22
4023,23
4024,16
4025,5
4026,15
4027,17
4028,13
4029,19
4030,14
4031,9
4032,23
4033,15
4034,22
4035,22
4036,18
4037,8
4038,21
4039,7
4040,16
4041,7
4042,7
4043,21
4044,4
4045,13
4046,23
4047,23
4048,16
4049,16
4050,19
4051,24
4052,24
4053,5
4054,25
4055,0
4056,19
4057,19
4058,20
4059,5
4060,9
4061,7
4062,7
4063,8
4064,25
4065,7
4066,2
4067,7
4068,21
4069,1
4070,10
4071,18
4072,5
4073,14
4074,4
4075,4
4076,6
4077,21
4078,23
4079,3
4080,5
4081,14
4082,22
4083,0
4084,2
4085,19
4086,2
4087,19
4088,6
4089,6
4090,16
4091,13
4092,5
4093,8
4094,8
4095,19
4096,23
4097,22
4098,8
4099,20
4100,11
4101,24
4102,21
4103,6
4104,16
4105,22
4106,13
4107,8
4108,9
4109,9
4110,13
4111,4
4112,22
4113,5
4114,1
4115,18
4116,22
4117,16
4118,16
4119,9
4120,7
4121,24
4122,3
4123,21
4124,2
4125,11
4126,8
4127,0
4128,20
4129,11
4130,17
4131,9
4132,20
4133,14
4134,0
4135,5
4136,8
4137,15
4138,6
4139,3
4140,20
4141,19
4142,4
4143,10
4144,16
4145,20
4146,20
4147,16
4148,0
4149,6
4150,13
4151,10
4152,4
4153,25
4154,10
4155,3
4156,11
4157,10
4158,2
4159,21
4160,0
4161,18
4162,0
4163,13
4164,25
4165,10
4166,14
4167,17
4168,2
4169,4
4170,18
4171,25
4172,15
4173,17
4174,19
4175,8
4176,25
4177,8
4178,12
4179,6
4180,15
4181,18
4182,5
4183,13
4184,4
4185,10
4186,15
4187,25
4188,17
4189,24
4190,16
4191,24
4192,11
4193,9
4194,1
4195,9
4196,16
4197,7
4198,0
4199,14
4200,3
4201,23
4202,24
4203,1
4204,19
4205,23
4206,16
4207,4
4208,11
4209,6
4210,25
4211,15
4212,5
4213,16
4214,22
4215,20
4216,24
4217,12
4218,7
4219,15
4220,4
4221,24
4222,21
4223,15
4224,24
4225,25
4226,24
4227,12
4228,21
4229,8
4230,25
4231,6
4232,9
4233,4
4234,2
4235,13
4236,3
4237,15
4238,9
4239,4
4240,20
4241,0
4242,9
4243,6
4244,17
4245,6
4246,16
4247,6
4248,14
4249,3
4250,6
4251,12
4252,23
4253,13
4254,16
4255,6
4256,25
4257,13
4258,24
4259,22
4260,24
4261,21
4262,2
4263,9
4264,21
4265,22
4266,13
4267,7
4268,2
4269,12
4270,4
4271,12
4272,12
4273,8
4274,18
4275,23
4276,13
4277,18
4278,2
4279,12
4280,19
4281,1
4282,20
4283,21
4284,17
4285,7
4286,9
4287,6
4288,12
4289,24
4290,25
4291,19
4292,4
4293,16
4294,3
4295,20
4296,24
4297,12
4298,3
4299,13
4300,25
4301,19
4302,22
4303,23
4304,8
4305,2
4306,20
4307,13
4308,16
4309,4
4310,9
4311,20
4312,7
4313,7
4314,3
4315,5
4316,19
4317,13
4318,15
4319,11
4320,17
4321,18
4322,2
4323,9
4324,13
4325,22
4326,5
4327,11
4328,4
4329,2
4330,8
4331,11
4332,3
4333,9
4334,16
4335,5
4336,14
4337,8
4338,15
4339,1
4340,19
4341,17
4342,9
4343,11
4344,1
4345,1
4346,23
4347,1
4348,25
4349,15
4350,25
4351,0
4352,25
4353,18
4354,24
4355,1
4356,10
4357,10
4358,9
4359,5
4360,14
4361,6
4362,1
4363,21
4364,5
4365,14
4366,3
4367,14
4368,3
4369,10
4370,1
4371,25
4372,0
4373,16
4374,13
4375,14
4376,5
4377,2
4378,8
4379,6
4380,0
4381,4
4382,13
4383,12
4384,10
4385,10
4386,4
4387,25
4388,3
4389,5
4390,10
4391,14
4392,25
4393,17
4394,17
4395,13
4396,21
4397,25
4398,11
4399,13
4400,8
4401,9
4402,0
4403,7
4404,14
4405,11
4406,12
4407,3
4408,15
4409,20
4410,1
4411,17
4412,24
4413,15
4414,25
4415,3
4416,16
4417,6
4418,17
4419,8
4420,24
4421,10
4422,7
4423,8
4424,21
4425,13
4426,7
4427,19
4428,12
4429,13
4430,23
4431,7
4432,4
4433,25
4434,21
4435,12
4436,22
4437,24
4438,1
4439,25
4440,12
4441,19
4442,10
4443,5
4444,20
4445,8
4446,25
4447,24
4448,6
4449,10
4450,25
4451,14
4452,4
4453,14
4454,2
4455,9
4456,24
4457,18
4458,1
4459,11
4460,0
4461,15
4462,24
4463,4
4464,2
4465,10
4466,16
4467,4
4468,12
4469,21
4470,23
4471,16
4472,7
4473,21
4474,4
4475,15
4476,21
4477,14
4478,24
4479,14
4480,14
4481,10
4482,16
4483,8
4484,0
4485,17
4486,0
4487,6
4488,15
4489,14
4490,12
4491,21
4492,18
4493,2
4494,22
4495,18
4496,9
4497,7
4498,23
4499,10
4500,7
4501,2
4502,6
4503,17
4504,6
4505,0
4506,13
4507,8
4508,7
4509,16
4510,25
4511,3
4512,15
4513,0
4514,22
4515,13
4516,8
4517,15
4518,8
4519,25
4520,16
4521,17
4522,12
4523,19
4524,1
4525,18
4526,9
4527,22
4528,4
4529,23
4530,25
4531,21
4532,22
4533,5
4534,18
4535,16
4536,11
4537,12
4538,15
4539,9
4540,14
4541,1
4542,2
4543,17
4544,8
4545,8
4546,19
4547,13
4548,13
4549,17
4550,22
4551,14
4552,6
4553,22
4554,18
4555,15
4556,23
4557,1
4558,16
4559,10
4560,12
4561,12
4562,13
4563,24
4564,25
4565,17
4566,15
4567,11
4568,21
4569,9
4570,15
4571,7
4572,18
4573,20
4574,18
4575,4
4576,14
4577,25
4578,2
4579,19
4580,9
4581,7
4582,10
4583,23
4584,5
4585,14
4586,12
4587,9
4588,1
4589,7
4590,5
4591,13
4592,21
4593,16
4594,19
4595,2
4596,3
4597,5
4598,24
4599,4
4600,11
4601,15
4602,22
4603,13
4604,14
4605,4
4606,0
4607,1
4608,2
4609,7
4610,7
4611,11
4612,15
4613,13
4614,20
4615,20
4616,23
4617,13
4618,4
4619,0
4620,10
4621,21
4622,3
4623,8
4624,19
4625,13
4626,25
4627,3
4628,0
4629,16
4630,20
4631,24
4632,10
4633,7
4634,3
4635,7
4636,7
4637,5
4638,17
4639,14
4640,16
4641,13
4642,13
4643,23
4644,23
4645,6
4646,21
4647,16
4648,4
4649,8
4650,4
4651,7
4652,13
4653,7
4654,0
4655,20
4656,5
4657,10
4658,13
4659,12
4660,23
4661,16
4662,15
4663,25
4664,9
4665,25
4666,2
4667,8
4668,8
4669,3
4670,3
4671,5
4672,16
4673,21
4674,4
4675,5
4676,1
4677,23
4678,10
4679,13
4680,11
4681,17
4682,19
4683,5
4684,7
4685,4
4686,24
4687,7
4688,14
4689,11
4690,10
4691,19
4692,2
4693,5
4694,16
4695,22
4696,4
4697,25
4698,1
4699,16
4700,8
4701,5
4702,5
4703,19
4704,24
4705,17
4706,18
4707,14
4708,18
4709,3
4710,13
4711,24
4712,15
4713,12
4714,15
4715,2
4716,15
4717,8
4718,9
4719,20
4720,24
4721,9
4722,14
4723,16
4724,19
4725,13
4726,17
4727,8
4728,14
4729,4
4730,9
4731,6
4732,11
4733,25
4734,16
4735,19
4736,24
4737,2
4738,8
4739,16
4740,13
4741,1
4742,5
4743,1
4744,12
4745,17
4746,18
4747,10
4748,11
4749,13
4750,10
4751,5
4752,7
4753,9
4754,12
4755,14
4756,21
4757,24
4758,11
4759,20
4760,19
4761,12
4762,7
4763,22
4764,15
4765,3
4766,9
4767,25
4768,5
4769,14
4770,20
4771,1
4772,11
4773,8
4774,20
4775,9
4776,24
4777,18
4778,16
4779,23
4780,5
4781,20
4782,12
4783,11
4784,9
4785,9
4786,17
4787,25
4788,18
4789,18
4790,13
4791,3
4792,10
4793,7
4794,1
4795,11
4796,24
4797,3
4798,20
4799,17
4800,13
4801,18
4802,4
4803,2
4804,1
4805,10
4806,5
4807,7
4808,25
4809,19
4810,11
4811,21
4812,2
4813,18
4814,25
4815,24
4816,14
4817,22
4818,20
4819,2
4820,9
4821,7
4822,6
4823,20
4824,14
4825,23
4826,24
4827,4
4828,22
4829,20
4830,18
4831,3
4832,12
4833,1
4834,25
4835,8
4836,5
4837,23
4838,25
4839,23
4840,19
4841,11
4842,0
4843,22
4844,7
4845,8
4846,21
4847,22
4848,23
4849,3
4850,23
4851,20
4852,25
4853,18
4854,13
4855,19
4856,25
4857,20
4858,6
4859,6
4860,23
4861,19
4862,4
4863,19
4864,18
4865,14
4866,5
4867,0
4868,16
4869,23
4870,23
4871,17
4872,6
4873,14
4874,3
4875,15
4876,18
4877,16
4878,7
4879,18
4880,3
4881,13
4882,0
4883,8
4884,14
4885,7
4886,22
4887,17
4888,11
4889,1
4890,24
4891,21
4892,22
4893,11
4894,13
4895,20
4896,6
4897,23
4898,20
4899,24
4900,12
4901,0
4902,0
4903,21
4904,9
4905,10
4906,7
4907,18
4908,3
4909,1
4910,17
4911,13
4912,21
4913,2
4914,10
4915,9
4916,0
4917,21
4918,14
4919,0
4920,12
4921,8
4922,25
4923,23
4924,13
4925,23
4926,8
4927,24
4928,6
4929,18
4930,13
4931,22
4932,19
4933,0
4934,9
4935,22
4936,0
4937,7
4938,13
4939,20
4940,21
4941,1
4942,2
4943,17
4944,23
4945,20
4946,12
4947,2
4948,9
4949,8
4950,14
4951,25
4952,15
4953,3
4954,2
4955,5
4956,3
4957,2
4958,2
4959,11
4960,9
4961,13
4962,25
4963,13
4964,3
4965,18
4966,6
4967,10
4968,15
4969,12
4970,13
4971,23
4972,15
4973,4
4974,19
4975,9
4976,17
4977,15
4978,2
4979,5
4980,19
4981,2
4982,7
4983,9
4984,25
4985,24
4986,3
4987,7
4988,0
4989,11
4990,18
4991,18
4992,25
4993,0
4994,21
4995,12
4996,23
4997,13
4998,7
4999,19
5000,7
5001,3
5002,21
5003,14
5004,21
5005,18
5006,24
5007,4
5008,18
5009,18
5010,8
5011,21
5012,19
5013,24
5014,18
5015,9
5016,12
5017,12
5018,5
5019,21
5020,23
5021,11
5022,12
5023,10
5024,6
5025,11
5026,4
5027,22
5028,3
5029,14
5030,18
5031,7
5032,20
5033,13
5034,19
5035,1
5036,15
5037,21
5038,3
5039,15
5040,11
5041,1
5042,7
5043,21
5044,6
5045,4
5046,2
5047,22
5048,5
5049,9
5050,4
5051,3
5052,16
5053,8
5054,12
5055,21
5056,1
5057,13
5058,15
5059,25
5060,14
5061,22
5062,25
5063,16
5064,3
5065,24
5066,20
5067,8
5068,11
5069,22
5070,9
5071,1
5072,2
5073,3
5074,15
5075,14
5076,7
5077,8
5078,5
5079,20
5080,14
5081,22
5082,0
5083,18
5084,3
5085,23
5086,6
5087,13
5088,17
5089,15
5090,8
5091,11
5092,2
5093,15
5094,9
5095,24
5096,0
5097,5
5098,19
5099,13
5100,1
5101,0
5102,25
5103,16
5104,0
5105,20
5106,5
5107,11
5108,14
5109,15
5110,13
5111,16
5112,20
5113,0
5114,13
5115,8
5116,17
5117,5
5118,10
5119,5
5120,1
5121,12
5122,25
5123,0
5124,23
5125,16
5126,10
5127,18
5128,10
5129,0
5130,25
5131,16
5132,19
5133,11
5134,4
5135,17
5136,10
5137,12
5138,25
5139,22
5140,6
5141,16
5142,22
5143,25
5144,19
5145,7
5146,0
5147,25
5148,2
5149,23
5150,4
5151,23
5152,24
5153,18
5154,24
5155,13
5156,14
5157,21
5158,17
5159,11
5160,14
5161,15
5162,17
5163,2
5164,5
5165,17
5166,24
5167,8
5168,8
5169,0
5170,15
5171,2
5172,6
5173,4
5174,8
5175,25
5176,8
5177,21
5178,1
5179,22
5180,13
5181,10
5182,8
5183,4
5184,9
5185,4
5186,5
5187,21
5188,22
5189,20
5190,17
5191,22
5192,6
5193,23
5194,6
5195,1
5196,12
5197,14
5198,1
5199,5
